pH,DissolvedOxygen,ElectricalConductance,WaterTemperature,Potability
7.3,9.2,515,6.7,1
7.5,9.7,720,6.7,1
7.6,7.6,720,11.1,1
7.5,7,840,12.2,1
7.5,8.2,610,12.2,1
7.7,8.7,490,15.6,1
7.7,7.7,320,14.4,1
7.5,7.9,280,13.3,1
7.6,7.5,240,14.4,1
7.6,8.5,278,15.6,1
7.7,8.5,325,20,1
7.7,6.6,438,15.6,1
7.7,7.4,523,16.1,1
7,6.7,540,17.8,1
7.5,8.4,540,18.3,1
7.9,7.4,470,16.7,1
7.7,7.2,415,21.1,1
7.5,9.3,400,20,1
8.1,7.9,369,21.1,0
7.6,7.5,370,24.4,1
7.7,7.8,333,23.3,1
7.7,7.3,370,20.6,1
7.5,7,380,22.8,1
7.7,7.4,350,24.2,1
7.7,7.5,350,24.4,1
7.2,7.7,320,20.6,1
7.2,8,370,21.7,1
7.5,8,440,21.1,1
7.3,8.1,450,21.1,1
7.2,8.4,445,17.8,1
8.3,8.4,270,17.8,0
7.5,9.5,285,16.7,1
7.5,10.1,300,16.1,0
7.3,8.5,260,15.3,1
7.7,9.5,310,13.3,1
7.2,10.5,260,13.3,0
7.5,9.9,230,12.2,1
7.3,10.1,200,10,0
7.2,10.4,210,13.3,0
7.4,9.7,200,11.7,1
7.3,8.8,200,7.8,1
7.4,10.1,160,10,0
7.1,9.7,110,8.9,1
7.2,9.8,108,8.9,1
7.2,10,80,10,1
7,10.2,105,9.4,0
7.5,10,120,8.9,1
7.3,9.8,240,13.3,1
7.4,9.5,283,10.6,1
7.4,9,275,12.8,1
7.1,9.2,220,11.1,1
7.9,8.2,225,12.2,1
7.3,8.7,200,12.2,1
7.8,8.2,205,15.6,1
8,9.8,230,15,1
8.4,8,205,13.9,0
7.4,7.9,220,15.6,1
7.3,7.4,240,14.4,1
7.5,8.3,370,15,1
7.3,8.7,320,15.6,1
7.5,6.6,320,17.8,1
7.6,7.6,305,14.4,1
7.3,8.6,370,17.8,1
7.6,6,285,17.8,1
7.1,5.5,268,22.2,1
7.1,7,280,19.4,1
7,6.6,295,17.8,1
7.7,6.4,310,21.1,1
7.2,6.9,360,21.1,1
7.4,6.7,380,22.2,1
7.3,6.7,385,25.6,1
7.4,6.1,330,23.9,1
7.4,7.7,480,25,1
7.2,7,360,25.6,1
8,6.5,410,26.7,1
8,7.5,640,24.4,1
7.9,7.5,260,25.6,1
8.2,7.2,490,25.6,0
7.6,7,560,25.6,1
7,9.9,260,22.2,1
7.6,10.4,260,22.2,0
7.2,9.9,275,18.9,1
8.2,9,275,16.7,0
7.4,10.6,255,18.9,0
7.3,10.9,410,16.7,0
7.7,8.7,670,16.7,1
7.9,9.9,475,16.7,1
7.3,8.5,320,12.2,1
7.9,9.1,300,10.6,1
7.9,9.6,590,8.9,1
7.5,6.4,590,11.1,1
8.3,6,680,11.1,0
7.7,9.8,740,8.3,1
8.4,8.1,675,8.9,0
8.2,7.5,620,12.2,0
7.8,8.9,360,13.3,1
7.7,10.8,255,14.4,0
8.4,9.7,510,14.4,0
7.7,9.8,480,14.4,1
8,9.8,355,16.7,1
8,8.8,260,21.1,1
8.1,8.1,282,24.4,0
8.3,7.6,450,21.1,0
8.4,7.4,380,22.8,0
8.5,6.3,460,18.9,0
8.2,8.2,460,15.6,0
7.8,9.7,350,12.2,1
7.7,11,350,10,0
7.5,11,275,10,0
7.5,11,185,14.4,0
8.3,9.6,180,15,0
7,9.6,180,18.9,1
8.5,9.4,260,20,0
8.4,8.2,230,25.6,0
8.4,8.2,275,21.7,0
8.6,8.9,425,26.7,0
8.6,9.5,415,18.3,0
8.4,9.5,400,11.1,0
8.4,7.9,400,7.2,0
8.3,7.7,405,5.8,0
7.9,7.5,440,5.8,1
7.9,8.4,430,10,1
8.5,7.5,460,10,0
8.2,7.6,455,12.2,0
8.2,9.8,450,16.7,0
8.2,10.4,430,16.7,0
8.5,10.2,390,15,0
8,8.4,400,12.8,1
8.4,10,390,12.8,0
7.8,9.9,420,18.6,1
7.4,8.3,400,22.2,1
8.1,9.2,310,21.1,0
8.3,7.5,310,20,0
8.3,7,320,20.6,0
8.2,8.2,350,18.3,0
8.4,10,550,12.8,0
8.6,10.5,350,6.1,0
8.1,12.7,355,10,0
8.1,11.7,375,11.1,0
8.3,11.7,365,11.7,0
8.1,11.2,390,16.1,0
8.6,9.1,385,21.1,0
7.6,8.4,340,23.3,1
8.3,7.5,340,20.6,0
8.3,7.5,390,24.4,0
8.4,7.5,375,20,0
8.4,7.1,400,20,0
8.4,6.8,395,13.9,0
8.3,7.2,380,8.9,0
8.5,8.6,365,10,0
8.4,9.4,390,10.6,0
8.4,11.1,340,10.6,0
8.4,10.1,360,15,0
8.4,9.7,380,16.7,0
8.6,9.2,425,16.7,0
6.9,9.5,340,18.9,1
6.8,8,340,23.3,1
7.1,7.7,320,23.3,1
7,7.4,300,24.4,1
6.9,7,360,22.8,1
7,7.4,320,20,1
6.6,7.2,325,13.9,1
7.2,10.4,340,10,0
7.1,10.2,350,8.9,0
6.9,9.6,340,8.9,1
8,10.1,360,11.1,0
8,10.2,500,13.9,0
6.8,8.7,550,13.3,1
7.1,8.8,540,17.8,1
8.2,8.3,385,20,0
8,9.3,540,21.1,1
7.5,10,280,23.3,1
7.4,9.1,395,22.2,1
8.7,9.6,375,17.2,0
9,9.8,400,11.1,0
7.5,11.5,250,8.3,0
8,11.2,325,8.9,0
7.5,10.3,400,11.1,0
7.9,11.2,320,16.7,0
7.8,10.5,375,18.9,0
8.5,9.7,415,18.9,0
7.6,10.5,425,20,0
7.9,10.5,450,23.3,0
8.1,9.7,500,21.1,0
8.2,10,540,24.4,0
8.2,9.6,580,20.6,0
8,9.6,575,20,1
8.1,10.7,600,16,0
8.5,12.7,550,9.4,0
7.9,12.8,580,7,0
8.1,12.8,355,11,0
8.2,12.3,350,13.3,0
8.6,12.6,520,12.4,0
7.6,12.6,570,14,0
8.4,12.6,680,12,0
8.5,10.5,738,12.5,0
8.4,8.4,340,18.9,0
8.2,8.5,515,17.2,0
8.1,8.4,720,19.4,0
8.1,7.2,445,17.2,0
7.2,9.7,235,17.2,1
8,9.7,350,17,1
7.9,7.7,435,19,1
7.9,10,335,18.5,1
8.1,11.2,255,18.5,0
8.1,10.1,365,21.5,0
7.8,10.1,240,23.3,0
7.8,8.4,480,23,1
7.8,11.9,570,22,0
7.7,8.4,260,24.8,1
7.7,8.1,270,21,1
7.7,7.1,245,22,1
7.8,8.1,425,24.4,1
8,7.3,590,22,1
7.6,7.9,480,19.2,1
8,9.6,350,19.2,1
7.8,9.5,340,20.7,1
7.8,9.5,300,22,1
8.4,8.4,530,19.4,0
7.8,9,580,18.6,1
8.2,9.9,375,17.6,0
7.8,9.3,240,18.3,1
8.1,9.2,440,13.8,0
7.9,11.3,340,13.9,0
8.2,10.1,255,13.9,0
7.6,10.9,360,12.4,0
7.6,13.6,240,17.7,0
8.1,10.9,445,14,0
8,9.7,255,14.1,1
8.6,8.4,450,15,0
8.2,8.8,620,15,0
8.1,6.4,390,10.6,0
7.9,9.5,390,11.7,1
8.4,13.1,576,12,0
8.4,9.4,575,11.7,0
7.9,8.1,576,10.2,1
9.7,8.3,110,10,0
8,8.8,90,15,1
7.3,9.8,90,10.7,1
8.5,8.8,90,10.7,0
7.9,9.2,95,10.7,1
7.5,8.9,80,14.3,1
8,12.2,75,15.7,0
8.1,10.4,90,18.4,0
7.8,10,96,20.7,1
7.7,9.7,81,25.5,1
7.2,8.3,78,23.1,1
7.4,9,80,18.7,1
7.3,9,84,19.6,1
7.5,10.1,96,10.1,0
7.5,8.3,104,6.7,1
7.7,7.5,96,9.6,1
7.7,8.4,100,10.5,1
7.6,8.3,83,14.2,1
7.4,8.1,84,15.2,1
6.6,9.5,78,18.6,1
7.8,8,77,20.2,1
7.1,9.2,89,24.8,1
7.5,10.3,90,21.4,0
7.7,9.7,88,23.1,1
7.2,11.2,88,20.4,0
7.6,9.6,72,11.9,1
7.3,9.3,71,8.5,1
7.3,8.1,76,8.5,1
7.8,10.3,72,13,0
7.8,8.4,76,14,1
7.7,9.5,82,18.2,1
8,8.9,80,17.9,1
7.6,8.4,80,20.6,1
7.5,8.5,70,24.2,1
7.9,8.3,81,21.7,1
7.5,8.3,86,20.1,1
7.1,6.6,87,17.5,1
7.2,8,87,12.2,1
7.2,8,84,7.8,1
7.1,7,88,10.2,1
7.1,7,84,13.5,1
7,7.9,84,13.9,1
7.1,7.6,91,15.9,1
7.4,7.6,70,17.1,1
7.8,8.3,98,20.1,1
7.9,8.6,97,22.5,1
7.3,8.6,94,19.6,1
7.4,9.6,94,21.5,1
7.5,10.2,79,17.4,0
7.2,10.2,84,15,0
7.7,10.1,87,11.1,0
7.3,11,93,7.3,0
7.3,11.2,95,11.8,0
7.3,11.2,94,12.1,0
7.3,11.6,93,12.5,0
7.6,10,83,15.9,1
7.3,10,77,16.7,1
7.5,10.6,100,16.7,0
7.2,9.8,88,18.9,1
7.5,9.8,81,20,1
7.3,10.2,80,21.1,0
7.9,9.3,68,22.6,1
7.6,9.3,87,21,1
7.3,10.9,100,20.5,0
7.8,7.1,96,16.4,1
7.5,7.1,85,18.5,1
7.8,9.2,82,10.7,1
7.3,9.2,79,8.7,1
7.9,6.6,72,10,1
7.3,6.6,79,7.7,1
7.5,8.6,80,11.8,1
7.5,8.1,91,14,1
7.1,8.1,96,13.4,1
7.1,8.7,86,15.1,1
7.3,7.4,79,16.6,1
6.9,7.4,82,19.7,1
7.4,7.8,81,20.5,1
7.7,8.6,84,19.1,1
7.3,8.6,85,23,1
7.4,9.7,86,24.7,1
7.3,9.3,110,22.5,1
8.4,9.3,82,22,0
7.7,11.2,84,22.3,0
7.7,10.5,79,20.5,0
7.5,10.5,82,17.9,0
7.3,10,85,16.5,1
7.6,10,89,13.9,1
7.6,11.9,88,12,0
8,12.1,89,10,0
7.5,11.9,88,8.3,0
7.6,9.5,95,9.5,1
7.4,9.5,87,11.6,1
8.1,10.1,94,12,0
7.6,10.1,83,15.5,0
8.4,9,83,16.5,0
8.1,8.7,70,15.2,0
7.5,10,77,15,1
8.1,8.6,82,17.2,0
7.7,7.4,83,23,1
7.5,7,82,19.6,1
8.1,7.5,90,19.6,0
7.8,7.5,79,24.5,1
7.4,7.4,80,25.9,1
8,8.4,77,23,1
7.5,7.8,77,23.5,1
7.7,9.2,84,23,1
7.6,7.9,75,24.2,1
7.4,8.8,78,22.5,1
8.3,8.9,74,16.4,0
7.4,9.5,72,16.5,1
7.6,10.3,75,13.2,0
7.8,10.1,70,11.5,0
7.3,10.4,81,11.5,0
7.7,10,90,8.1,1
7.9,9.2,90,6.8,1
7.3,10.5,80,11.1,0
7.8,10.8,87,13.5,0
7.5,8.2,72,13.2,1
7.6,8.4,81,12.5,1
7.3,9.4,75,18.1,1
7.7,9.7,72,17.5,1
7.5,8.9,82,18.7,1
7.8,8.8,82,19.5,1
7.3,8.6,73,23.5,1
8,9.5,80,23.1,1
7.3,6.4,76,23.5,1
7.6,7.9,84,24.5,1
7.9,7.7,86,23.9,1
7.5,7.1,82,20.6,1
7.8,7.9,78,22.5,1
7.4,8.6,79,19.3,1
7.7,8.4,76,22.5,1
7.4,9.7,81,16.9,1
7.3,10.3,85,17,0
8.3,10.6,90,12,0
7.3,10.1,85,10.2,0
7.5,12.6,81,11.5,0
7.3,12,79,6.6,0
8.1,10.5,84,8,0
7.5,10.7,89,12,0
8,10.1,85,11.5,0
8.4,9.7,84,13,0
8.5,8.8,92,16.5,0
7.4,10,78,13.1,1
7.5,9.5,82,17.5,1
7.8,11,75,14.5,0
7.6,8.1,72,15.5,1
8,8.8,84,18.4,1
7.4,8.3,82,19.5,1
8.6,7.9,72,21.6,0
7.2,7.6,88,24,1
8,8.7,78,22.2,1
8.6,7.4,78,24,0
7.4,8,80,23.2,1
7.4,8.4,80,19.6,1
7.8,7.9,79,19.5,1
7.7,8.7,90,18.6,1
8,9.7,90,14,1
7.3,10.8,82,13.9,0
8.4,11.8,72,9,0
8.4,11.8,79,10,0
7.6,14.9,78,5.6,0
7.3,14.9,83,6.5,0
7.3,10.6,83,11.8,0
7.4,10.3,81,11.5,0
7.6,9.5,82,13.7,1
7.3,9.6,85,13,1
7.6,11.7,84,20.5,0
7.6,10.1,86,18.5,0
8.6,10.5,92,19.8,0
7.6,8.6,91,18,1
7.6,10.5,81,21.5,0
7.5,10.2,82,19.8,0
7.6,9.6,72,22.5,1
7.4,9.3,71,24.7,1
7.8,9.3,83,21.9,1
7.3,9.1,82,21.1,1
7.87,8.9,81,21.5,1
7.6,9.1,85,20.9,1
7.7,8.9,78,18.5,1
7.9,8.2,73,19.5,1
7.7,8.5,139.1,17.5,1
7.5,8.8,118.2,14.1,1
7.7,8.8,74.5,11.3,1
7.7,6.7,61.3,5.4,1
7.8,6,68.7,8.2,1
7.8,6,55.1,6.4,1
7.4,8,79.2,6.4,1
7.9,8,72,9.9,1
7.7,7.2,96.6,9.8,1
7.4,7.1,220,11.4,1
8.1,7.9,197,9.9,0
7.6,7.6,230,11.1,1
7.8,7.4,380,12.4,1
8.2,6.7,1190,13.9,0
7.6,8.6,950,12.5,1
7.4,8.7,1000,13.1,1
7.3,8,875,15.2,1
7.6,7.8,770,13.4,1
7.6,7.4,440,14.9,1
6.7,7.4,405,13.2,1
7.6,8.8,460,13.7,1
7.6,8.6,710,14.3,1
7.4,8.6,640,13.7,1
7.8,9.2,610,15,1
7.1,10.7,410,13.7,0
7.2,10.7,735,14.1,0
7.2,10.6,600,13.8,0
7.2,10.6,310,15.5,0
7,11.6,235,13.8,0
7.4,11.4,650,15,0
7.2,11.2,410,13.8,0
7,11.2,310,15.4,0
6.8,12.1,345,17,0
6.7,12,450,18.3,0
7.6,10.5,450,17.3,0
7.5,11.4,530,15.8,0
6.7,10.8,340,16.3,0
7.6,11,400,15.9,0
7.1,10.4,400,16,0
7.5,10,370,17.8,1
7.3,9.3,295,16.6,1
7.6,8.4,250,14.6,1
7.7,7.9,165,19,1
8.2,8.9,300,18.2,0
8,8,245,18.5,1
7.8,8.4,250,17.8,1
7.8,8.4,425,19.1,1
7.5,7.9,415,18,1
8.5,7.4,430,23,0
8.1,8.2,430,21.4,0
7.8,7.8,380,21.4,1
7.7,9.2,315,21.5,1
7.4,9.2,400,22,1
7.7,7.7,390,19.3,1
7.9,8.6,400,21.5,1
7.4,9.7,415,25.1,1
7.2,10,368,25.4,1
7.8,8.6,380,24.5,1
7.5,8.8,330,23.2,1
7.2,8.9,338,22,1
7.7,8.9,740,22.7,1
7.3,10.1,750,22.5,0
7.3,10.3,640,22.5,0
7.6,10.6,420,25.1,0
7,11,434,24.2,0
7.4,12.2,420,21.3,0
7.4,10.7,486,18.4,0
8,12.6,582,18.4,0
7,9.6,540,19.5,1
7.6,9.2,480,20.1,1
8.1,10.1,345,17.8,0
8.3,7.2,337,20.6,0
7.5,8.9,340,19.7,1
8.4,8.5,287,19.7,0
7.9,9.1,290,17.6,1
7.4,8.5,301,14.3,1
7.7,8.2,280,14.3,1
7.7,7.8,340,15,1
8.3,7.4,280,14.5,0
8,7,280,11.7,1
8.1,10.1,270,11.1,0
8.3,7.6,325,11.3,0
8.4,6.6,440,10.1,0
7.4,6.5,500,8,1
7.4,7.5,530,8,1
7.3,7.2,440,6.7,1
7.4,7.8,325,6.7,1
7.8,7.1,325,5.9,1
7.1,8.1,570,12.5,1
8.3,7.8,525,6.9,0
8,8.1,510,8.1,1
6.6,8.2,545,8.4,1
8.1,6.8,545,8.2,0
7.9,8.7,545,5.9,1
7.7,8,320,6.7,1
7.7,7.8,350,6.3,1
6.7,8.8,500,7.2,1
8.6,9.4,450,8.3,0
7,9.3,440,9.5,1
7.8,10.1,340,12.8,0
7.4,8.5,400,12.4,1
7.9,10.5,430,11.7,0
7.6,11.4,390,12.3,0
7.2,9.8,410,13.6,1
7.6,10,400,12.5,1
7.1,8.8,400,13.9,1
7.2,8.8,230,14.5,1
6.6,9.7,170,15.6,1
7.9,9.4,340,15.9,1
7.9,10.1,293,16.2,0
7.7,8,295,18.9,1
7.7,9.5,295,18,1
8,6.9,450,19,1
7,8.5,500,16.8,1
7.6,8.5,335,18.4,1
7.5,8.5,335,21.6,1
8,7.7,280,19.2,1
8,8.1,290,19.9,1
8,8,440,17.2,1
7.6,8.6,430,20.5,1
7.6,8,540,21.2,1
7.4,8.5,500,23,1
8.5,7.2,360,22.6,0
7.1,7.5,280,23.8,1
8.1,6.6,500,23,0
8.2,7,500,23.8,0
7.6,7,445,21.5,1
7.7,7.9,500,19,1
7.7,10.2,555,20.1,0
7.4,9.8,320,18.8,1
7.7,11.2,400,18.8,0
7.1,10.5,560,19.7,0
8.2,11.5,460,15.1,0
7.1,10.4,430,15.4,0
7.9,11.4,340,15.4,0
7,11.8,400,14.3,0
7.5,9.2,400,11.8,1
7.4,10.6,420,10,0
7.9,8.9,410,8.6,1
7.3,9.1,370,10.6,1
8.2,9.7,360,9,0
7.8,10.5,240,9.5,0
7.6,8.3,190,9.8,1
7.6,8.6,335,12.1,1
7.8,7,300,10.2,1
7.6,8,305,9.6,1
7.3,6.6,300,9.4,1
8.2,7.4,430,9.7,0
7.2,8.1,440,10,1
8.1,7,435,11.9,0
8.2,8,435,7.8,0
8.2,6.7,480,10.4,0
8.1,8.7,245,8.4,0
8,7.2,255,9,1
8.2,8,360,9.7,0
7.9,8.3,420,10,1
8.6,7.6,500,11.5,0
7.7,8.4,450,10.8,1
7.9,7.9,320,10.4,1
7.7,7.4,320,11.6,1
7.8,7.2,380,11.6,1
7.8,9.1,580,10.6,1
7.9,8.9,570,11,1
7.1,10.8,500,11.4,0
7.6,9.4,590,12.3,1
7.3,11.4,540,11.3,0
8.1,9.8,540,10.6,0
7.8,9.8,340,11.1,1
7.8,9.2,400,11.2,1
8.5,9.6,470,11.5,0
7,8.6,440,14.3,1
8.6,10.7,410,15,0
8.6,7.2,400,16.7,0
7.6,9,400,15.2,1
7.4,8.5,420,15,1
7.7,6.6,400,14.1,1
7.8,10.7,380,15,0
8.2,8.6,380,14.8,0
7.4,8,410,14.7,1
7.7,8,240,15.2,1
7.6,7.1,190,18.1,1
7.6,6.1,330,17.6,1
7.8,7.5,300,18.3,1
7.9,8.2,300,16,1
7.8,7.2,350,18.2,1
7.7,7.4,450,19.5,1
7.6,7.2,445,20.4,1
7.3,4.7,410,22.5,0
8,6.7,405,24.5,1
8.2,7.2,400,24,0
7.5,9.1,480,23,1
7.3,9.2,430,24.2,1
7.1,8.1,430,25.9,1
7.5,10.2,380,25.2,0
8.1,9,315,22.9,0
7.6,10.4,390,24.5,0
7.4,9.1,410,22.7,1
7.5,9.1,368,22.7,1
8,8.4,335,24,1
7.6,10.7,310,20.3,0
7.8,8.9,330,21.9,1
7.6,9.7,308,20.6,1
6.5,9.4,470,20.9,1
7.9,8.5,528,19.3,1
7.3,8.9,500,18.1,1
7.4,9,280,18.9,1
7.6,8.7,303,17.7,1
7.5,8.1,410,18.3,1
6.8,8.6,455,13.7,1
7.6,7.4,540,15,1
7.9,8.1,440,11.2,1
7.1,7.2,350,10.8,1
8,7.7,340,8.3,1
7.8,7.1,545,4.7,1
7.1,5.6,635,8.8,1
7.8,8.2,618,9.4,1
7.4,8.7,655,15.1,1
8.2,9.7,650,15.1,0
7.5,9.9,725,12,1
8.1,10.9,745,14.4,0
7.7,9.9,600,14.3,1
7.7,8.5,365,15.6,1
8.1,9.9,450,17.5,0
8,8.1,510,18.2,1
7.5,9.1,440,24.3,1
8.2,9.3,400,18.3,0
7.7,8.6,345,19.5,1
7,8.3,410,24.8,1
6.7,9.1,452,20.8,1
7.1,9,408,21.2,1
6.8,9.8,370,20.8,1
7.2,9,387,21.8,1
6.7,7.9,410,21.4,1
7.5,8.4,242,19.6,1
7.7,7,225,22.4,1
7.8,7.2,330,22.8,1
7,6.8,304,21.5,1
7.3,10.9,300,22.7,0
7,6.8,348,18,1
7.5,7.3,310,13.7,1
7.4,8.3,465,13.8,1
7.2,7,440,9.5,1
7.8,7.5,430,7.9,1
6.9,7.6,265,8.9,1
7.9,8.6,300,8.2,1
7.6,8.7,370,7.5,1
8,9.8,430,10,1
8.5,10.1,530,11.6,0
7.5,8.4,440,13.9,1
7.1,8.9,340,15.3,1
7.8,10.2,320,14.8,0
7.6,8.9,460,16.7,1
7.4,9,530,17.6,1
7.2,8.1,440,17.8,1
7.18,9,500,18.5,1
7.1,7.3,600,15.9,1
7.4,8.4,540,19.8,1
7.4,8.4,370,21.2,1
7.5,7.4,390,21.7,1
7.5,7.3,470,19.3,1
7.9,8.2,420,20.6,1
7.9,7.3,300,23.9,1
7.3,7.2,340,21.4,1
8,6.8,400,18.8,1
7.5,6.8,590,22.7,1
7.5,7.9,400,22.1,1
7.2,8.5,380,22,1
7.5,8,380,20.4,1
7.7,9.76,400,23,1
7.2,10.1,240,26.7,0
7.6,9.6,210,25.4,1
7.6,9.1,330,22,1
7.6,8.6,300,21.6,1
7.2,8.6,285,21.7,1
8.1,8.4,320,20.7,0
7.6,6.4,450,19.8,1
6.65,10.5,600,20.8,0
6.8,10,700,13.6,1
7.2,10.2,675,14,0
7.4,8.5,625,12.5,1
7.6,9.6,400,9.8,1
7.6,9.3,480,9.8,1
7.4,7.3,500,9.8,1
7,6.7,530,9.8,1
7.5,8.2,500,11.4,1
7.3,8.2,575,13.6,1
7.8,7.4,580,11.8,1
7.8,7.2,500,12.9,1
7.9,7.2,500,15.5,1
7.7,7.8,410,17.5,1
8.1,7.8,400,16.7,0
7.7,8,440,18.1,1
7.7,8.6,430,17.4,1
7.7,9.2,630,17.8,1
7.9,9.7,550,17.9,1
7,8.3,545,21.2,1
7,9.2,480,21.4,1
7.9,9.4,510,23.4,1
7.8,10,510,24.1,1
7.9,8.9,505,21.5,1
8.2,7.8,420,21.6,0
7.4,7.2,480,21.4,1
7.5,7.9,460,23,1
7.3,7.2,420,24.1,1
7,8.5,590,21.4,1
7.8,10.2,450,20.7,0
8,10.4,450,19.7,0
7.6,10,440,18.6,1
8.1,9.8,450,18,0
7.6,8.5,460,15.2,1
8.1,8.8,480,11.8,0
8,8.5,500,10.2,1
7.3,8,625,10.6,1
7.9,9.5,600,7.5,1
8.4,8.5,530,8.6,0
7.6,9.2,600,9.8,1
7.6,10.4,600,11.4,0
7.5,9.8,700,11.4,1
7.8,9.8,725,16.7,1
7.9,9.7,515,14.5,1
7.4,9.4,530,18.8,1
8.2,9.3,500,18.5,0
7.7,7.7,530,16.5,1
7.7,8.6,525,17.4,1
7.9,7.7,580,17.2,1
7.2,8.7,600,19.1,1
7.5,10,540,20.2,1
7.5,10.1,420,23.9,0
7.9,8.8,410,23.8,1
7.3,7.5,440,25,1
8.4,7.9,480,23.3,0
7.6,6.9,460,21.2,1
7.8,7.8,650,22.5,1
7.5,7.7,560,15.3,1
7.5,10,545,16.8,1
7.7,8.6,520,10.4,1
7.6,10.2,535,11.2,0
7.2,10,530,8.1,1
7.9,7.8,460,8.9,1
8,8.3,490,12,1
8.2,7.3,500,10.9,0
8.3,7.4,500,13.4,0
8.4,8.2,480,11.5,0
7.4,8.2,625,15.1,1
7.8,8.9,460,14.6,1
8.1,8.6,450,14.3,0
8,9.4,460,17.4,1
7.4,9.1,470,17.3,1
8.3,9.1,500,19.5,0
7.9,6.7,650,17.3,1
7.3,7,625,20.5,1
8,6.7,500,22.4,1
7.4,2,575,23.5,0
7.9,7.7,600,22.5,1
7.4,9.3,700,24.6,1
7.9,9.1,625,22.2,1
7.9,9.5,560,22.8,1
7.5,8.6,530,23.5,1
7.7,9.1,500,19,1
7.7,8.6,530,19.8,1
7.8,9.6,525,15.9,1
7.6,8.4,580,16.8,1
8,8.4,600,15.3,1
8.3,8.4,570,13.6,0
7.8,7.9,420,10.3,1
7.5,7.1,420,10.6,1
7.9,7.3,460,14.2,1
7.5,7.4,490,16.1,1
7.4,8.5,660,15.5,1
8.3,7.3,580,16.7,0
7.6,9.2,585,17.3,1
7.7,8.7,570,17.4,1
7.7,9.1,555,17.8,1
8,9.2,550,23.4,1
8.2,9.5,470,27.2,0
7.7,8.8,520,27.1,1
7.9,7.8,520,27.79,1
7.9,6.9,500,20.1,1
7.6,6.7,650,20.1,1
7.4,8,340,20.29,1
7,836,340,20.79,0
7.1,9.2,360,21.4,1
7.7,9.8,505,21.4,1
7.4,10,500,20.5,1
7.3,10.1,540,21,0
7.4,10.6,475,17,0
7.3,7.8,320,22.9,1
8,7.1,500,16.5,1
8.2,7.4,560,16.7,0
7.9,7.4,625,29,1
7.9,7.5,725,29.7,1
7.9,6.5,440,23.6,1
7.7,8.7,480,23.89,1
7.3,7.9,480,18.79,1
7.7,8.8,415,19.1,1
7.5,8.8,430,19.89,1
7.4,8.8,440,21.8,1
7.4,11.4,425,22.8,0
7.2,8.5,430,24.79,1
7.3,7.9,480,25.1,1
7.1,9.9,385,29.2,1
7.3,8,390,29.1,1
7.5,6.4,340,29.7,1
7.6,8,420,19.29,1
8.12,8,310,19.6,0
7.8,8.1,330,20.89,1
7.8,9.2,330,29.39,1
7.7,9.4,395,30.2,1
7.7,9.2,625,30.5,1
8,10.4,420,25.8,0
7.8,9.3,500,18.2,1
7.7,8.6,1000,19,1
7.8,8.7,360,19.39,1
7.8,8,680,22.5,1
8.1,7.6,580,19.39,0
7.7,9.1,800,19.6,1
7.7,9.8,1000,19.39,1
7.7,8.6,740,19.29,1
8.1,8.6,420,19.5,0
8,9.4,500,23.79,1
7.8,11.9,560,25,0
8,7.7,540,25,1
7.9,11,460,23.1,0
7.5,8.4,480,23.1,1
7.9,11.3,500,19.89,0
8.1,8.1,430,20.2,0
7.5,8.1,355,17.5,1
7.9,7.5,450,21.2,1
7.4,7.5,440,17.5,1
8.1,7.7,340,18,0
8.5,9.4,460,17.5,0
8.5,8.7,350,17.29,0
7.7,9.1,310,18,1
8,9.9,250,25,1
7.6,11.3,270,25.39,0
7.9,8.7,300,25.6,1
7.6,10.3,280,19.2,0
7.7,8.7,320,20.2,1
7.7,8.4,320,19.29,1
7.7,9.8,360,19.6,1
8.2,8.8,290,17.9,0
7.5,10.3,340,14.27,0
7.8,11.1,260,13.19,0
8,10.8,290,14.4,0
8,7.6,450,13.9,1
7.7,7.7,510,14.5,1
7.7,8.1,525,14.5,1
7.5,9.1,460,12.6,1
7.4,8.9,360,11.8,1
7.5,8.6,600,7.6,1
7.8,8.6,600,12.4,1
7.3,10.2,700,14.9,0
7.3,8.9,700,16,1
7.8,7.6,700,15.6,1
7.8,10.5,440,17.8,0
8.4,8.25,600,22.3,0
8.4,10.8,460,21.5,0
7.6,8.18,420,21.4,1
16.6,9.8,480,21.4,0
7.7,9.43,420,23.2,1
7.5,10.3,450,23,0
7.5,9.8,470,23,1
7.6,10.6,450,24.8,0
7.9,9.4,400,22.5,1
7.8,10.1,400,22.3,0
7.9,8.6,270,17.6,1
8.1,9.7,250,13.9,0
8,8.9,330,9.3,1
7.87,10.2,420,10.4,0
7.8,8.8,365,10.8,1
7.37,8,420,13.5,1
7.5,7.53,480,14.2,1
6.95,7.5,540,16.2,1
7.3,7.1,500,21.3,1
6.8,9.9,650,24.2,1
7.8,8.33,840,21.2,1
7.5,8.8,1500,22.8,1
7.6,8.02,600,16.7,1
7.5,9.9,750,127,1
7.4,8.65,480,11.3,1
7.4,10.9,360,10.9,0
7.6,11.25,800,12.9,0
7.3,9.4,700,16.8,1
7.4,10.55,900,16.7,0
7.45,9.5,1700,18.8,1
7.6,10.5,1600,21.5,0
7.5,11.1,2200,21.5,0
7.6,10.6,1680,18.4,0
7.37,9.5,1150,15.9,1
7.6,8.5,2650,9.9,1
7.46,8.9,3250,10.7,1
7.4,7.62,540,12.9,1
7.53,9.9,650,14.2,1
7.5,8.49,590,16.1,1
7.4,7.3,2200,17,1
7.7,6.5,640,22.2,1
7.58,10.3,625,24.3,0
7.6,6.8,530,23.7,1
7.6,8.8,385,19.2,1
7.4,9.8,830,9.9,1
7.78,9.9,900,16.4,1
7.7,8.9,1100,17.1,1
7.7,9.1,1000,17.2,1
7.7,8.4,1000,19.3,1
7.35,9.1,900,20.6,1
7.5,12.54,1050,22.6,0
7.82,10.1,770,21.8,0
8.2,11.1,600,15.6,0
7.9,10.3,560,9.2,0
8.8,10.8,300,9.2,0
7.49,10.1,430,11.9,0
7.9,11.7,490,12.1,0
7.9,10.1,1225,16.6,0
8.2,9.6,369,17.2,0
7.87,9.5,675,23.8,1
7.5,9.6,1100,21.2,1
7.5,10.3,1850,18.4,0
7.7,10.1,1700,13.9,0
7.47,9.5,700,10.7,1
7.5,9.8,540,12.7,1
7.7,9.6,580,11.5,1
7.7,9.5,450,14,1
7.8,9.3,495,15.5,1
7.9,9.1,400,19.7,1
7.7,8.1,245,22.3,1
8,9.4,255,23.6,1
7.9,8.5,425,23.6,1
8,8.2,450,20.3,1
8.1,7.2,400,19.4,0
7.8,9.3,355,14.1,1
7.7,10.1,400,9.7,0
8,10.3,400,8.8,0
8.4,9.8,620,11.7,0
7.5,10.8,670,16.9,0
7.6,9.4,715,16.1,1
8,10.2,710,17.7,0
8.2,8.4,610,17.8,0
8.2,8.8,500,17.8,0
8.9,9.7,328,23.7,0
7.8,9.3,415,23.3,1
7.9,8.9,500,23.7,1
7.5,9.9,430,21.9,1
7.6,8.8,317,16.2,1
8.2,10.7,340,13.9,0
7.5,8.1,395,11.3,1
7.6,9.1,443,8.9,1
8.9,9.8,543,12.1,0
7.8,9.2,365,16.4,1
7.8,8.1,363,14.7,1
7.7,10.3,360,18.4,0
7.8,10.1,243,21.3,0
7.9,9.9,225,25.3,1
7.5,6.4,330,24.4,1
7.5,8.1,280,21.2,1
7.9,9.8,353,18.6,1
7.7,9.8,315,14.4,1
7.6,7.4,420,10.4,1
8.1,8.2,420,10.3,0
7.9,6.5,415,11.9,1
9.2,8.5,475,12.1,0
8,8.3,415,15.8,1
7.9,9.6,400,19.8,1
7.9,8.4,400,21.1,1
7.7,8.8,480,21.6,1
8,6.8,480,23,1
7.8,7.1,340,23.7,1
7.6,7.8,210,24,1
7.8,6.3,210,24.2,1
7.6,7.5,215,26.7,1
7.5,8.1,430,22.5,1
7.5,7.9,440,20.4,1
7.5,7.7,560,18.7,1
8.2,7.1,360,16.4,0
7.8,7.3,325,13.5,1
7.7,7.9,470,14,1
7.8,8.3,660,13.2,1
8.1,8.6,750,8.6,0
8.2,8.1,600,8.3,0
8.6,7.5,770,5.8,0
7.8,8.1,740,12.3,1
8.2,7.6,480,15.9,0
7.9,8.3,270,14.5,1
8.1,8.2,430,17.1,0
8.1,7,495,21.6,0
7.6,7.7,400,22.7,1
7.6,7.6,265,23.8,1
7.7,8.7,285,23.5,1
7.6,9.1,380,21,1
7.8,8.2,420,22.9,1
8.2,8.9,480,20,0
8.2,7.9,370,17.7,0
7.6,7.5,340,16,1
7.9,7.5,320,17.7,1
7.9,7.1,200,9.6,1
7.8,7.6,175,10.9,1
7.7,7.7,285,15.1,1
7.9,9.3,255,16.4,1
8,5.3,250,21.7,1
7.8,5.3,395,21,1
8.2,7,425,25.1,0
8.7,8.4,440,22,0
8.2,8.4,340,21.7,0
9.4,11.3,398,21.7,0
7.7,6.4,385,16.2,1
7.7,9.8,370,9.4,1
7.9,11.2,385,9.8,0
8.1,6.2,380,9.5,0
8,4.1,320,14.9,0
8.2,7.6,340,14.5,0
7.8,7.6,260,21.3,1
7.9,8.8,255,21.3,1
8.7,12.7,560,20.3,0
8,12.2,610,24.9,0
8,10.2,480,24.6,0
8.1,10.7,625,21.6,0
8,8.6,520,22.2,1
7.8,7.9,320,17.5,1
7.7,9.4,410,18,1
7.7,9.1,480,13.6,1
7.7,10.7,450,9.5,0
8.2,11.2,380,9.4,0
7.3,10,360,9.7,1
8,6.8,400,13.7,1
7.9,7.3,450,14.2,1
8.1,9.9,440,13.8,0
8.2,10.1,360,14.5,0
8.6,8.2,345,17.3,0
8.5,8.2,370,17.2,0
8.4,8.5,235,16.3,0
8.4,7.9,225,7.6,0
8.4,2,325,21.1,0
8.7,1.5,205,19.7,0
8.5,8.3,320,23.5,0
8.5,9.2,318,23.2,0
8.5,8.3,390,22.4,0
8.4,11.3,445,21.9,0
8.4,14.2,460,21.5,0
8.6,11.9,420,21.9,0
8.5,9.5,280,20.2,0
8.7,8.5,420,17.5,0
8.5,7.8,450,15.1,0
8.6,6.8,460,12.5,0
8.8,8.6,400,11.7,0
8.6,7.8,360,9.3,0
8.6,9.8,400,9.5,0
8.6,10.2,650,11.7,0
8.4,9.9,695,11.3,0
8,8.5,620,13.8,1
8.3,8.8,700,14.8,0
8.6,7.3,700,17.8,0
8.7,8.3,540,17.2,0
8.5,8.8,600,18.2,0
8.8,9.6,485,14.8,0
8.7,10.5,775,17.9,0
8.6,9.5,355,21.7,0
8.7,10.4,475,25.84,0
8.6,10.4,480,24.6,0
7.3,8.5,450,24.7,1
8.6,8.5,320,23.8,0
8.4,9,340,25.63,0
8.7,9.2,430,23.5,0
8.6,9.1,450,20.68,0
8.6,13.8,440,20.2,0
8.8,13,360,14.56,0
8.5,11.5,360,13.3,0
8.6,12,370,9.39,0
8.5,9.7,430,8.5,0
7.1,10.6,265,10.32,0
7.5,11.8,345,8.1,0
7.2,1.9,290,12,0
7,11.2,360,11.2,0
8.4,1,325,13,0
8.6,10.9,495,13.8,0
8.6,9.9,535,16.6,0
9,10.2,500,17.1,0
8.9,9.8,400,22.06,0
8.6,10,215,20.9,0
8.2,9.6,175,19.5,0
8.2,10.4,150,23.7,0
8.2,11.3,181,25.1,0
8.9,10.6,190,22.7,0
8.8,8.7,320,25.93,0
8.9,9,590,22.4,0
8.6,11.5,575,25.6,0
8.6,20,500,19.9,0
8.8,13.5,430,23.1,0
8.3,11.4,675,20.2,0
7.7,11.8,280,19.7,0
8.9,11.4,300,13.6,0
9.1,9.5,480,14.54,0
8.9,8.2,420,12.8,0
9,8.1,340,6.3,0
8.8,8.6,310,10.8,0
8.9,8.2,650,16.6,0
8.8,8.5,620,15.4,0
7.7,8.4,670,19.7,1
8.8,7.1,700,19.8,0
7.6,7.7,600,22.3,1
8.8,7.1,775,23.5,0
8.6,8,310,20.1,0
8.7,16.2,480,18.2,0
8.5,8.8,450,13.8,0
8.7,11.9,420,7.8,0
8.6,11.8,300,10.4,0
8.1,8.6,350,13.3,0
7.9,9,600,15.6,1
8.4,8.7,370,20.3,0
8.8,6.7,575,17.7,0
8.1,6.9,520,18.6,0
9.1,6.7,360,24.3,0
9,9,270,22.6,0
9.4,9.5,390,23.7,0
8.9,13,240,20.9,0
9.1,12.2,260,14.7,0
8.9,12.5,410,11.7,0
8.8,10,450,10.1,0
8.5,10.8,335,13.7,0
8.7,10.2,440,18.7,0
8.8,6.7,430,16.9,0
8.6,9.6,420,16.4,0
8.5,11.2,610,22.1,0
8.6,14.6,440,21.1,0
8.5,13.6,500,24.2,0
8.3,9.4,475,24.4,0
8.4,9,500,20.5,0
8.2,7.9,450,10.2,0
8.7,9.6,425,11.5,0
8.4,9.2,390,15.2,0
8.5,9.8,400,14.7,0
8.7,9,385,18.8,0
8.3,10.2,370,20.9,0
8,11.3,370,20.8,0
7.7,11.9,380,20.5,0
7.2,10.8,380,22.1,0
7.4,11,405,24.4,0
7.1,9,430,22.8,1
8.6,8.6,400,18.2,0
7,8.4,390,17.1,1
6.9,9.4,400,9.7,1
6.5,7.6,390,9.8,1
6.5,9.1,395,13.3,1
6.5,9.6,380,16.9,1
6.6,10,390,16.9,1
6.5,11,390,16.3,0
7.9,10.2,390,16,0
7.4,9.1,400,26.3,1
7.5,7,400,24.2,1
7.5,8.4,410,21.9,1
8.7,3.9,390,21.2,0
9,8.4,430,17.1,0
8.1,8.3,400,16,0
8.4,8.3,405,9.4,0
8.3,8.8,400,10.9,0
8.3,8.4,390,11,0
8.3,8.4,415,13.4,0
8.6,11.2,400,16.4,0
8.1,12.8,425,18.1,0
8.2,9,410,20.6,0
8.1,9.3,410,24.6,0
8.7,8.1,400,22.4,0
8.5,8,400,19.9,0
9,6.2,400,17.6,0
8.6,9.8,420,12.7,0
7.6,10.5,440,11.6,0
8.3,10,450,9.9,0
8.3,9.8,450,10.2,0
7.8,11.7,450,13.5,0
8,12.2,450,15.7,0
8.1,14.4,440,18.4,0
8.3,13.2,445,23.5,0
8.5,9.6,500,23.4,0
8.3,10.4,450,23.3,0
7.9,8.4,450,21.9,1
7.9,8.6,460,21.4,1
8.4,8,460,16.1,0
7.8,8,460,11.2,1
8.5,8.6,450,10,0
8.4,8.5,450,12.8,0
8.2,11.6,460,12.9,0
8.1,11,400,24.9,0
8,9.6,450,21.4,1
8,9.1,510,13.3,1
8.5,10,450,10.4,0
8.4,11.2,450,11.4,0
8.6,8.9,430,16.8,0
8.5,8.1,450,19.6,0
8.2,7.3,430,21.1,0
8.1,8.6,460,23.1,0
8.3,7.7,460,22.5,0
8.4,7.5,460,24.1,0
8.6,9.3,455,15.1,0
8.2,11.5,430,15.1,0
7.8,12.2,460,11.4,0
8,12.7,90,14.5,0
7.9,12.7,75,18,0
8.1,12.3,59,15.5,0
8.3,11.4,75,13,0
8.6,7.2,81,16,0
8.6,10.5,81,13.3,0
8.8,3.4,78,12.7,0
8.6,7.3,83,11.6,0
8.5,0.4,83,15.3,0
8.5,8.5,83,12.9,0
8.6,2.1,89,14.1,0
8.2,7.7,89,13.9,0
8.2,1,87,14.1,0
8.5,8.8,89,13.5,0
8.2,1.2,90,10,0
8.4,8,87,10,0
8.6,0.6,92,11.1,0
9.2,9.8,95,14.4,0
8.6,10.5,95,14.4,0
8.4,11.8,78,16.7,0
8.8,11.8,90,18.3,0
8.4,11.1,70,18.9,0
8.3,11.7,54,23.3,0
7.8,11.3,48,20.6,0
8.1,9.6,78,13.9,0
8.8,10.1,73,9.4,0
8.6,9.6,65,11.9,0
8.3,12.8,82,15,0
8.3,12,86,17.2,0
8.2,10,78,22.8,0
9,9.9,89,21.1,0
8,9.1,90,13.6,1
8.8,7.4,89,9.4,0
7.6,8,90,11.7,1
8.6,3,91,11.7,0
7.6,8,94,10.6,1
8.5,8.4,93,10,0
8.3,8.4,80,11.1,0
8.5,1.4,75,18.3,0
7.3,1.4,120,22.8,0
8.6,7.9,110,22.8,0
7.5,7.9,63,21.9,1
8.2,1.6,110,21.1,0
7.6,1.6,120,21.1,0
8.2,9.7,112,10.6,0
8.1,9.7,112,10.6,0
8.1,7.6,114,20.6,0
8.2,7.6,113,17.2,0
8.7,11.4,114,12.2,0
8.7,9.8,120,9.4,0
8.8,10.1,120,11.7,0
8.7,10.3,120,12.8,0
8.8,8.4,118,17.8,0
8.2,8.3,121,22.8,0
8.8,9,125,23.9,0
8.2,8.8,125,22.2,0
8.6,9,123,16.4,0
8.1,8.7,131,11.4,0
8.5,8.5,131,8.3,0
7.6,8.5,131,13.5,1
8.7,8.3,131,15.5,0
7.6,8.5,131,22.2,1
8.6,1,133,23.9,0
7.2,7.3,138,22.8,1
8.4,0.5,142,19.4,0
8.4,7.7,148,12,0
7.6,0.5,125,9,0
7.6,7.4,125,11,1
8.3,5.4,125,15.5,0
8.3,8.9,125,22,0
7.6,8.6,125,17.5,1
7.6,9.3,125,24,1
8.4,9.2,125,22.5,0
8.4,7.5,130,20,0
8.1,7,132,17,0
8.1,11.5,135,11,0
7.9,4.3,140,14,0
8.1,13.4,110,16.5,0
8.5,11.3,75,16,0
8.5,10.4,63,23.5,0
8.2,11,85,24,0
8.4,10.4,110,23,0
8.6,8.9,110,24,0
8.2,8.5,112,14.5,0
8.6,12.6,114,23,0
9,7.8,113,15,0
8.1,7.8,115,23,0
8.8,7.2,120,21.2,0
7.8,5.2,120,20.5,1
9,7.4,115,19.5,0
8,7.9,121,19.5,1
8.9,6.9,123,16,0
8,9.5,121,11.5,1
8.7,13,126,11,0
7.8,9.6,128,11,1
8.3,9.2,125,11,0
7.6,8,125,10.5,1
8.4,9.7,115,13,0
8.3,9,75,13,0
8.6,8.2,61,14,0
8.4,7.5,95,12,0
8.4,7.5,100,17.5,0
8.4,7.4,110,16,0
8.7,8.9,112,19,0
8.7,8.7,116,21,0
9.4,8.1,118,26.5,0
9.3,7.2,119,21.5,0
9.2,9.2,120,21.5,0
8.9,8.5,120,21.5,0
9.1,8.3,125,20,0
7.8,8.6,121,19,1
8.7,8,125,13,0
8.6,8.4,124,9,0
8.8,8.4,128,8.5,0
8.4,8.2,124,12,0
8.7,9.1,125,14.5,0
8.8,8.3,79,22.8,0
7.4,7.7,78,25.5,1
8.5,8.2,79,23.3,0
7.9,8.2,80,21.5,1
7.8,8.2,79,16,1
7.8,8.2,82,12.5,1
9.6,8.2,83,8.5,0
8.4,8.2,103,12.5,0
8.5,8.1,78,14.5,0
8.6,8.1,90,18.5,0
8,8.1,84,17.5,1
9.3,8.3,84,21,0
9.4,8.3,88,22,0
9.4,4.9,89,21,0
9.7,2.5,102,17,0
10,8.5,90,12,0
8.7,8.1,80,12,0
8.8,8.1,97,11,0
9.1,11.6,85,13.5,0
9.2,11.84,85,16,0
8.9,11.58,86,19,0
8.9,12.6,86,20.5,0
9.4,11,90,22.2,0
8.6,9,85,22.5,0
7.7,9,86,20,1
7.7,10,86,16.5,1
7.7,9.8,99,13,1
7.7,9.1,86,9.5,1
7.7,8.4,95,12.5,1
7.7,8.4,89,13,1
8.2,8.4,89,13.5,0
8.2,8.5,89,21,0
8.2,7.7,90,23.5,0
8.8,9.2,102,22.5,0
8.8,10.6,110,21.5,0
8.7,9.5,190,19,0
8.6,8.3,89,12,0
8.8,9.2,190,10,0
8.6,9.1,93,10,0
8.6,11.1,92,13,0
8.5,9.6,93,13.2,0
8.36,8.9,93,15,0
8.52,9.5,94,22,0
8.7,9.5,93,22,0
8.9,9.5,95,24,0
9.1,7.7,120,12.5,0
9.1,5.1,155,23.5,0
9.9,3.3,190,23.5,0
10.1,7.7,195,20,0
10.1,7.3,95,15.5,0
10.1,7.4,96,13,0
10,7.4,96,11,0
9.8,7.4,95,12,0
9.7,7.4,98,16,0
10.1,7.4,98,17.5,0
10.1,7.5,98,23.5,0
10.7,7.8,99,21.5,0
8.2,8.4,99,25,0
8.5,10.4,80,21.3,0
8.9,10.4,82,23.5,0
9.2,9.3,82,19,0
9.5,8.6,78,14,0
9.6,7.8,78,11.5,0
9.6,7.7,78,10,0
9.6,9.7,78,9,0
9.7,8.5,80,11,0
8.2,8.6,80,16.5,0
8.2,12.5,80,16.6,0
8.2,9.8,79,23.2,0
8.2,8.6,82,23,0
8.2,7.2,80,22.5,0
8.2,7,80,21.5,0
8.7,8.2,82,18.4,0
8.1,8.2,84,16,0
8.7,8.2,83,10.3,0
7.9,8.5,83,10.8,1
8.5,14.3,83,11,0
8.4,9.7,83,15.5,0
8.3,7.6,83,14.9,0
8.5,2.9,83,17.8,0
8.5,7.7,100,20.5,0
8.1,8,95,23.2,0
8.1,6.9,97,24.5,0
8.1,7.4,118,23.2,0
8.8,9.3,123,18.5,0
8.2,9.2,87,16.3,0
8.2,9.1,87,11.8,0
7.9,9.1,87,9.4,1
8.6,8,86,11.1,0
8.2,6.7,88,14.8,0
8,7.8,90,14.8,1
8.1,8.2,90,13.9,0
7.7,7.8,92,21.3,1
8.8,8.4,92,14.6,0
7.9,9.1,92,20.7,1
8.8,8.4,79,15.5,0
8.5,9.6,78,22.1,0
8.3,9.2,86,15.5,0
8.2,10.3,89,22,0
8.2,8.5,90,14.1,0
8,7.6,93,23.5,1
8,7.9,79,16.2,1
8.1,8.6,79,21.3,0
8.4,8.1,79,14.9,0
8.3,8.8,79,17.4,0
8.7,8.8,79,13,0
7.9,9.3,82,12.7,1
8.5,9.6,83,12.5,0
8.4,8.3,87,9.3,0
8.4,8.2,85,9.2,0
8.2,8.4,85,9.2,0
7.9,8.7,90,8.1,1
8.1,9.1,90,11.5,0
8.3,8.8,95,9,0
8.2,9.3,97,14.4,0
8.9,8.9,85,11.9,0
8.7,8.1,88,16.4,0
8,9.2,87,14.3,1
7.8,9.3,89,17.4,1
8.2,7.7,95,16.2,0
8.2,7.6,96,21.2,0
7.8,8.3,80,16.4,1
8.1,9.5,78,22.9,0
8.6,9.1,78,16.1,0
8.6,8,80,23.9,0
8.4,10.3,85,16.3,0
7.7,9.8,90,19.7,1
8.4,10.6,77,19.7,0
7.4,10.1,76,15.7,0
8.4,11.1,85,15.7,0
8.3,7.6,95,17.5,0
8.1,9.6,91,17.5,0
8.6,4.6,91,14.5,0
8.5,5.1,77,14.5,0
8.4,8.4,79,12.7,0
8.1,0.7,83,12.7,0
8.4,0.8,83,12.4,0
8.3,7.9,83,12.4,0
8.1,0.5,84,8.8,0
8.1,0.1,85,8.8,0
8.8,7.6,90,8.2,0
8.5,7.4,90,8.1,0
7.8,0.1,95,10.4,0
8.4,8,95,9.6,0
8.9,7.2,77,14.9,0
8.9,9.5,85,10.9,0
8.9,10,87,17.6,0
8.7,9.4,89,12.4,0
8.6,8.3,95,20.1,0
9,8.4,97,14.3,0
8.8,8.6,75,19.4,0
8.8,8,75,13.9,0
8.4,8.6,78,21.5,0
8.8,11,80,14,0
8.9,9.1,85,21.8,0
8.6,8.8,90,14.4,0
8.5,8.04,90,19.1,0
8.4,10.62,80,11.5,0
8.36,5.99,63,13.9,0
6.99,4.52,50,13.5,0
0,9.85,110,11.4,0
7.7,0,90,11.3,0
8,10.4,80,9.5,0
8,8.3,82,9.1,1
7.4,7.1,82,9.5,1
7.1,5.4,83,9,1
7.7,6.4,88,10.7,1
7.7,6.5,89,16.3,1
7.8,6.2,91,18.8,1
8.3,5.8,92,19.1,0
8.4,8,87,21.3,0
7.7,8,92,21,1
7.5,7,95,21.7,1
7.3,8.5,90,20.7,1
7.8,7.2,90,17.2,1
7.8,7.1,90,21.2,1
7.5,7,90,23.2,1
7.9,8.1,90,16.5,1
8.2,11.9,90,14.3,0
7.6,7.9,90,12.4,1
7.7,8.9,90,10.9,1
7.9,9.8,98,14.8,1
7.9,8.2,96,18.5,1
7.4,12,78,19.3,0
7.6,10.4,85,13.7,0
7.9,8.7,85,10.3,1
7.5,7.7,85,16.5,1
7,6.2,85,23.3,1
7.8,7.1,82,23.6,1
7.7,7,85,11,1
7.5,6.5,90,9,1
7.4,8,96,9.6,1
7.2,7,110,11.5,1
7.6,7.7,480,16.9,1
7.6,10.1,470,22.3,0
7.8,8,500,22,1
7.7,8.6,460,21.9,1
7.5,10.3,420,19.9,0
7.7,8.8,320,16.1,1
7.6,7,320,11.3,1
8,7,310,10.1,1
7.6,7.5,360,13.2,1
7.7,7.2,360,16.2,1
7.5,7.4,355,21.8,1
7.8,7.4,440,24.2,1
7.6,7.5,445,24.2,1
7.6,7.7,420,24.2,1
7.5,7.7,420,24.2,1
7.6,8.1,450,24.2,1
7.4,7,500,24.2,1
7.4,1.4,440,22.8,0
7.9,4.1,480,22.8,0
7.9,6.1,440,22.8,1
7.6,7,111,22.6,1
8.5,6,132,22.6,0
8.1,6.3,81,18.7,0
7.8,6.5,101,13.7,1
8.4,8.7,124,13.3,0
7.8,9.6,110,10.9,1
9,9.6,203,10.9,0
7.9,9.8,148,9.1,1
7.4,8.7,118,9.26,1
7.7,7,164,9.13,1
7.8,5.6,131,13.3,1
8.2,8,135,13.7,0
8.4,6.3,117,19,0
8.3,8.3,110,18.7,0
7.5,11.7,105,22.7,0
8.7,9.7,101,22.5,0
8.3,3.5,119,22.4,0
8,4.5,139,21.8,0
7.9,4.5,102,21.8,0
7.7,7,106,21.8,1
7.8,7.6,79,19.7,1
8,4,98,16.8,0
8.3,9,104,10.9,0
8.4,9.8,86,10.6,0
7.6,3.5,77,11.1,0
8.2,8.5,74,23.3,0
7.6,11,81,14.8,0
7.7,5.4,78,10.6,1
8.3,4.7,73,10.5,0
7.6,5.6,90,13.2,1
8,8.5,127,13,1
7.9,6.6,136,12.4,1
7.8,0.13,129,13.2,0
8.2,7.7,135,15.1,0
7.3,7.8,132,18.2,1
7.3,7,89,18.2,1
7.4,6.8,100,18.2,1
8,2.1,94,22.9,0
6.9,2.2,102,20,0
7.7,9.3,121,16.1,1
7.3,7.7,138,22.5,1
8.2,7.3,115,20.6,0
7.6,4.9,132,19.8,0
7.9,3.4,112,19.8,0
7.8,2.4,156,19.8,0
7.3,5.7,127,19.8,1
7.4,5.1,174,19.8,1
7.9,8.8,86,14.7,1
7.8,8.5,88,11.7,1
8,6.5,99,9.8,1
7.8,8.9,87,11.3,1
7.6,7.9,102,16.4,1
8,8.4,142,16.4,1
7.7,7.1,114,22.2,1
8.1,6.8,103,23.1,0
7.8,6.7,102,21.5,1
7.7,7.7,101,15.1,1
7.8,8.4,109,11.7,1
7.5,6.7,129,9.6,1
7.8,7.4,143,14,1
12.9,9.3,143,15.5,0
7.7,9.9,132,21.7,1
8,6.4,107,25,1
8,7.8,106,24.1,1
7.8,5.4,117,20.8,1
8,7.7,117,15.6,1
7.3,4.6,74,11.8,0
7.7,7.1,115,10.7,1
7.3,3.5,131,13.2,0
7.7,2.2,118,14.3,0
7.5,5.8,119,27.6,1
7.6,6.6,171,23.2,1
7.7,7.5,136,21.3,1
7.5,7.4,124,17.9,1
7.8,5.2,148,15.7,1
8.1,7.9,108,11.3,0
8.1,8.1,118,9,0
7.9,7.2,119,10.7,1
8.2,5.4,115,14.6,0
8,5.6,116,15.1,1
8,4.1,127,18.2,0
8.1,7.7,106,22.6,0
8,6.4,120,22.4,1
7.8,7.6,151,22.6,1
8.1,7.2,125,21.4,0
8.1,7.2,117,17.2,0
8.2,5.3,106,9.8,0
8.5,7.1,124,9.8,0
8.4,7,133,13.7,0
8.2,10,149,13.3,0
7.8,13.5,154,20.7,0
8.2,7.7,148,21.5,0
8.3,0.2,119,24.4,0
8.2,1,105,23.5,0
8.6,13.2,125,16.7,0
9.2,7.6,124,11.5,0
8.6,9,134,9.4,0
8.6,2.7,123,14.8,0
8.1,12,118,14.1,0
8.6,9.2,130,20.8,0
8.9,10,141,20.4,0
8.6,9.6,147,22.4,0
7.9,17.4,191,22.8,0
8.6,20,150,22.2,0
8.9,11.8,174,18.2,0
8.4,13,140,14.9,0
8.4,12,143,10.9,0
9.6,10,140,17.5,0
9.2,10.2,135,21.9,0
9.2,8.4,141,16.4,0
8.9,8.3,123,11.1,0
9,8.9,135,22.3,0
8.9,11.6,142,22.3,0
8.7,10.5,147,14,0
8.6,10.4,151,9.8,0
8.9,5.2,183,21.6,0
7.8,11.9,152,23.1,0
7,13.8,135,11.3,0
8.7,10.7,119,10.2,0
8.5,14.2,122,14.5,0
8,11.6,132,12.9,0
8.6,10.6,145,17,0
8.5,11.8,145,12.2,0
8.7,10.7,107,20.2,0
8.5,11,145,13.8,0
8.2,11.1,151,12.3,0
8.5,10.7,146,23.4,0
8.5,10.6,158,12.2,0
8.5,11.3,174,12.5,0
8.1,11.8,156,22.9,0
8.1,12.2,172,18.5,0
8.5,10.9,160,12.3,0
8.6,10.9,165,19.7,0
8.5,11.2,130,19.5,0
8.8,8.5,114,11.8,0
8.7,10.3,126,16.4,0
8.7,11.5,129,11.4,0
8.9,14,121,12.6,0
8.4,7.9,118,15.2,0
8.9,7.1,120,19.2,0
8.5,12.3,121,22.3,0
8.8,12.9,147,23.9,0
8.6,11.2,176,23.8,0
8.7,12.5,150,21.9,0
7.6,8.9,127,10.4,1
7.3,10,122,13.1,1
8.4,11.7,120,14.7,0
8.6,8,111,23.3,0
8.2,9.9,118,21.2,0
8.5,8,101,23.09,0
7.7,7.1,98,14.3,1
7.9,7.9,87,12.04,1
8.1,8.2,66,17.32,0
7.3,9.7,83,0,1
7.4,8.3,70.6,25.7,1
7.7,7.8,75,8.8,1
7.5,8,88.7,18.3,1
7.5,9.2,88.4,25.3,1
7.6,11.7,104,26.3,0
7.3,11.7,98,24.7,0
7.3,10.5,102,25.5,0
7.3,10.4,111,24.4,0
7.5,10.5,117,25.4,0
7.7,11.9,90,25.5,0
7.6,10.1,98,25.3,0
7.6,9.9,132,23.5,1
7.6,8.1,137,23.1,1
7.8,8.2,115,22.7,1
7.8,8,116,22.7,1
8,8,114,21.7,1
7.8,7.9,144,23,1
7.8,7.9,121,19.5,1
7.9,9,127,18.5,1
7.8,9,123,18.4,1
7.8,9,129,18.1,1
8,9,81,13.4,1
8,9,80,10.3,1
8,9.3,120.7,9.4,1
8,9.3,119,5.5,1
8,8.4,109,9.5,1
7.7,8.4,135,19.5,1
7.7,9.5,112.8,22.7,1
8,9.5,100,21.2,1
8.2,8.9,98,24.2,0
8.2,8.9,106,24.5,0
8,8.2,124,22.8,1
8,8.9,133,23.5,1
8.7,8.9,140,22.5,0
8.7,8.6,111,22.3,0
8,8.6,109,21.7,1
8,8.9,106,19.4,1
8,8.3,106,7.8,1
8,8.3,141,6.7,1
8,7.5,133,15.6,1
7.6,7.5,133,17.9,1
7.6,8,113,18.3,1
7.8,8,108,22.4,1
7.5,7.2,140,21.6,1
7.5,7.2,87,24.1,1
7.7,7.4,69.5,22.6,1
7.7,7.4,82,23.3,1
7.8,7.7,108,25.8,1
7.8,7.7,98,21.6,1
7.8,7.6,88,20.6,1
7.8,8.1,78,21.2,1
7.9,8,76,18.4,1
7.9,8.3,96,19.5,1
7.6,7.2,184,26.2,1
7.6,8.3,82,16.9,1
7.7,7.7,76,16.1,1
8,7.4,95,16.7,1
8.3,8.9,87,16.8,0
8,7.7,100,16.9,1
7.9,8.3,102,16.7,1
8,8.5,120,17.5,1
7.8,8.1,139,17.6,1
8,8,126,14.8,1
7.6,8.9,66.7,11.8,1
8.8,8.2,72.3,10.7,0
7.8,9.1,81.1,11.3,1
8,9,234,12.1,1
7.8,15.7,450,22.2,0
8,13.1,380,18.5,0
8,9,380,16.6,1
8,8,470,17.8,1
8,8.8,530,15.9,1
7.7,8.4,540,11.5,1
7.8,8.7,500,12.2,1
8.5,10.8,430,14.9,0
8.6,7,325,17,0
7.3,10.3,480,17.6,0
7.7,8,625,18.1,1
7.7,9.6,670,21,1
7.7,10,430,18.8,1
7.5,12.1,530,9.3,0
8.2,10.1,600,10.4,0
7.7,10.2,460,18.2,0
8.4,10,350,11,0
7.6,8.8,500,10.6,1
7.2,12.4,425,15.5,0
8.5,11.9,400,20.9,0
8.4,9.6,470,21.6,0
8.5,10.7,385,11.5,0
8.7,9,305,22.5,0
7.9,10.2,350,12.5,0
8.8,10.2,300,13.2,0
8.2,10.5,305,10,0
8.2,9.7,370,11.7,0
8.7,10.7,345,14.5,0
8.4,10.1,355,16.6,0
8.1,11.3,360,12.3,0
8.4,12.6,440,13.6,0
8.4,10.1,420,11,0
8.1,9,430,11.9,0
8.4,12.4,430,14.2,0
8.7,10.3,430,16.3,0
8.4,8.2,400,17.5,0
8.3,9.9,410,12.8,0
8.4,11.6,440,14.3,0
8.5,11.7,430,14.7,0
8.7,11.5,420,8.8,0
7.1,7.7,370,9.3,1
7.1,9.7,370,13.5,1
7.5,11.2,300,12.1,0
7.7,12.3,382,13.5,0
9.4,10,380,11.2,0
8.7,10.6,480,11.6,0
8.3,10.3,400,12.3,0
8.7,9.5,350,12.4,0
8.6,7.4,360,14.3,0
7.8,9.3,470,12.4,1
8.5,11.5,480,3.2,0
8.7,9.8,530,10.9,0
8.5,8.8,470,9.7,0
8.6,9.1,460,10.9,0
7,9.7,475,17.5,1
8.8,9.9,510,16.1,0
7.8,10.5,450,12.9,0
7.5,9.7,450,15.4,1
7.6,10.1,470,14.2,0
8.5,11,410,17.2,0
8.4,7.3,280,14.3,0
7.8,8.2,290,15.1,1
8,11.7,300,17,0
8,8.9,320,15.4,1
8.1,10.8,325,12.4,0
8.3,10.9,340,10.8,0
8.1,11.3,380,11.1,0
7.8,9.5,430,14.7,1
8.2,9,320,12.4,0
7.8,9.8,345,11.5,1
7.6,8.4,340,11.9,1
8.9,9.4,345,14.9,0
7.8,9,310,14.4,1
7.6,10.7,360,16.7,0
7.6,10.4,360,10.1,0
7.7,11.2,320,10.6,0
7.9,10.7,460,15.7,0
7.9,8.8,450,17,1
7.9,9.75,460,12.7,1
7.9,9.7,470,14.3,1
8,10,500,15.3,1
7.3,7.9,560,13.8,1
7.8,8.4,480,10,1
7.5,9.9,460,11.1,1
8,10.6,335,11.7,0
7.9,12.4,370,21.1,0
8.2,11.4,350,10.8,0
7.9,9.8,470,10.6,1
7.8,11.9,490,11.7,0
7.5,10.1,475,13.3,0
8.3,9.6,470,22.2,0
7.7,8.4,450,16.7,1
7.8,8.2,450,14,1
7.3,9.2,500,11,1
7.8,13.1,460,11,0
7.4,10.9,450,11,0
7.7,10,470,10,1
8.4,8.2,380,14,0
7.9,9.1,280,13.5,1
7.8,8.9,290,13,1
7.9,8.3,300,14,1
7.9,11,325,19.5,0
7.9,11,315,17.5,0
8.4,10.7,330,21.5,0
8,10.3,380,24,0
8.1,6.9,440,28.5,0
7.9,7.6,340,24.3,1
7.6,9.3,350,13.5,1
8.4,7.9,340,12.2,0
8.4,9.4,340,12.2,0
8.3,9.9,310,13.9,0
7.4,10.3,360,9.4,0
7.9,12.2,360,4.4,0
7.2,11,320,10,0
8.5,9.9,515,10,0
7.4,7.6,650,5,1
7.7,9.2,385,8.3,1
8,9,422,11.1,1
7.5,8.6,206,6.1,1
7.8,9.7,304,10,1
8.4,10.5,308,11.1,0
8.1,10.1,256,10,0
8.1,10.8,275,11.7,0
8.5,9.8,280,11.1,0
8,9.5,242,10,1
7.9,7,222,11.7,1
8.3,8.9,347,9.4,0
8.3,10.3,278,15.6,0
7.9,8.5,375,13.3,1
7.7,9.7,503,15.6,1
7.6,10,404,14.4,1
8.2,12,358,23.3,0
7.8,9.2,412,17.8,1
8.3,10.3,322,22.2,0
7.5,15,350,21.1,0
7.9,10.2,340,21.7,0
8.4,8.9,350,23.3,0
8.8,10,332,8.9,0
8.5,9.7,353,12.2,0
8.8,8.5,346,12.2,0
8.3,8.1,466,15,0
8.3,8.4,484,19.4,0
7.4,9.7,569,17.8,1
8.4,11.4,503,22.2,0
7.4,12.4,319,25.6,0
7.6,13.6,288,21.1,0
7.2,8.2,253,22.2,1
8.2,8.2,185,17.8,0
7.7,9.6,490,10,1
8,9.4,545,8.9,1
8,9.7,300,12.8,1
7.8,10.1,275,14.4,0
8.3,8.4,235,15.6,0
8,9.4,440,15,1
8.7,9,460,21.1,0
8,10.4,480,21.1,0
8.9,10.9,350,22.2,0
8.3,10.1,360,11.2,0
8.8,10.5,525,11.2,0
7.7,10.4,610,12.1,0
7.6,9.1,725,13.2,1
7.4,8.4,725,12.7,1
8.8,8.2,400,11.4,0
7.9,8.8,380,15.5,1
8.5,10.4,590,17.1,0
8.4,9.1,400,19.2,0
8.3,11,260,17.8,0
8.3,9.7,490,18.2,0
8.8,9,495,16.7,0
8.5,9.5,360,16.8,0
8.6,9.5,345,16.8,0
7.8,11.1,280,16.7,0
7.8,9.2,425,16.7,1
8.5,9.6,370,18.3,0
8,8.4,395,18.3,1
8.5,9.2,425,16.2,0
8.1,9.2,390,15.9,0
8.4,7.7,290,15.9,0
8.3,8.9,195,17.9,0
8.3,8.6,180,17.9,0
9,8.2,330,18.5,0
8.7,8.5,320,18.5,0
8.3,8.6,335,17.9,0
8.7,9.2,405,17.9,0
8.5,9.3,415,18.2,0
8.5,8.5,310,17.3,0
8.2,9.3,315,17.3,0
8.4,9,340,18.4,0
8.3,9.1,325,18.4,0
8.3,9.1,320,17.9,0
7.7,9.2,310,20.2,1
7.9,9.7,305,20.2,1
8.4,9.3,300,24.1,0
8.3,9.2,300,24.1,0
8,8.5,300,24.1,1
8.3,9.3,290,24.1,0
8.2,9.2,300,21.3,0
8.5,9.4,330,21.3,0
8,10.8,280,23.1,0
8.6,8.2,380,23.1,0
8.3,9.6,355,23.7,0
7.8,9.2,340,23.7,1
7.5,8.6,310,24.2,1
8.5,9.1,310,22.8,0
8.8,8.6,310,20.5,0
8.2,8.5,310,20.2,0
7.9,10.6,305,22.5,0
8.2,9.5,310,21.4,0
7.8,10.5,303,21.5,0
8.3,10.1,340,20.7,0
8.5,10.1,360,20.3,0
8.5,9.4,330,21.2,0
8.7,9.2,335,22.5,0
8.9,9.9,330,20.7,0
8.9,10.4,315,19.3,0
8.9,10.4,275,19.7,0
8.8,12.1,295,21.7,0
8.9,9.5,330,18,0
8.8,8.8,295,19.1,0
8.8,9.9,295,16.4,0
8.6,11.3,300,15.3,0
8.5,10.5,308,15,0
8.7,9.8,13700,15.6,0
8.5,10.2,13866,22.8,0
8.5,11.3,7697,21.1,0
8.8,10.1,3277,19.4,0
8.5,12.3,9888,21.1,0
7.8,12.3,19.873,18.3,0
8.2,10.5,7649,23.3,0
8.8,10.4,9796,20,0
8.3,8.8,249,22.2,0
8.3,10.6,231,21.7,0
8.5,10.6,259,25.6,0
8.2,10.3,256,21.1,0
8.5,10.3,286,21.1,0
8.6,10.7,230.9,21.7,0
8.6,9.9,250,18.9,0
8.6,11.3,419,22.8,0
8.5,9.4,588,17.8,0
8.7,9.6,694.6,20,0
8.6,9.1,341,6.7,0
8.6,8.7,371.4,10.6,0
8.3,9.9,356,17.8,0
8.4,9.9,302.6,13.9,0
8.4,9.8,303.2,20.6,0
8.2,10.8,294,21.1,0
8.7,9.9,181.7,20,0
8.3,10.2,303.7,20,0
7.9,9.6,206.5,21.1,1
8.2,10.2,215.5,20.6,0
8.8,11.8,185,18.3,0
8.2,10.8,185.2,12.8,0
8.2,11.9,264.8,7.2,0
8.4,11.7,188,20.6,0
8.6,11.5,197.1,22.8,0
8.1,11.3,207,10,0
8.2,9.9,244.9,23.3,0
8.6,11.6,345,20,0
8.4,11.5,312,22.8,0
8.3,11.1,359,25.6,0
8.7,11.1,593,18.9,0
8.4,10.3,518,24.4,0
8.4,10.4,508,22.8,0
8.1,11.3,407,25.6,0
8.7,11.4,323,21.1,0
8,11.2,445,21.1,0
8.5,10.5,445,21.1,0
8.2,10.6,300,18.9,0
8.4,11.6,285,22.2,0
8.4,11.6,258,17.8,0
8.7,10.6,118,21.7,0
8.7,10.7,265,19.4,0
8.3,9.6,235,20,0
8.3,10.3,310,25.6,0
8.4,10.1,460,23.3,0
8,9.9,450,22.7,1
8.2,8.9,390,18.4,0
8.6,8.9,250,19.3,0
8.7,9.7,440,21,0
8.2,8.5,345,18.2,0
8.2,8.8,270,18.6,0
8.6,8.8,395,16.7,0
8.4,8.7,240,23.2,0
8.3,9.6,587,23.7,0
7.9,9.9,540,23.3,1
8.5,9.4,518,23.8,0
8,9.9,508,17,1
8.9,9.6,566,14.8,0
8,10.7,582,10.6,0
8.2,10.2,720,10.1,0
8.1,10.2,833,15.7,0
7.8,9.3,796,21.2,1
8.4,10.1,7.32,23.6,0
8.4,10.4,606,20.7,0
8.2,11.1,550,22.7,0
8.1,11.1,605,16.8,0
8.1,11.9,612,12.1,0
8.4,10.4,665,10.6,0
8.7,9.6,901,11.2,0
8.7,10.8,783,13.3,0
8.5,8.9,775,15.2,0
8.1,11.9,274,16.1,0
8.6,11.4,290,18.6,0
8.4,11.6,220,22.2,0
8.4,10.6,313,21.5,0
8.3,9.8,554,17.7,0
8.2,10.9,467,15.6,0
8.5,10.3,867,9.2,0
8.4,10.4,884,11.4,0
8.5,10.2,867,13.3,0
9.1,10.2,894,15.4,0
8.1,10.1,653,15.7,0
8.1,9.3,613,17.1,0
8.2,9.9,588,23.3,0
8.2,10.3,479,24.4,0
9.1,10.1,479,23.1,0
8.2,10.2,379,18.7,0
8.3,10.4,281,10.4,0
7.9,10.7,471,10.5,0
7.8,9.9,267,19.2,1
7.9,9.8,251,22.4,1
8.1,10.8,242,19.8,0
8.2,10.1,259,22.7,0
8.7,10.2,361,19.4,0
8.4,10.2,367,18.5,0
8.5,9.5,557,12.3,0
8.6,9.4,559,15.6,0
7.6,10.2,589,16.6,0
8.6,11.4,637,23.1,0
8.6,9.1,702,23,0
8.5,9.3,719,20.5,0
8.3,9.5,702,17.2,0
7.8,9.3,644,10,1
8.8,9.2,714,10.7,0
8.2,8.9,613,11.8,0
7.8,9.9,672,14.3,1
7.8,9.5,664,15.6,1
8.6,10.1,755,17.6,0
8.6,8.9,795,21.1,0
8,8.6,845,23.2,1
8.2,9.6,631,23.1,0
7.8,8.9,658,21.8,1
8.5,8.9,822,19.6,0
8.4,9.9,858,10.2,0
8.5,9.4,606,9.7,0
8.3,9.3,645,11.4,0
8.6,9.2,777,18.4,0
8.7,10.2,715,15,0
8.7,9.6,563,18.3,0
8.7,10.4,356,23.1,0
8.5,9.5,360,24.8,0
7.9,9.4,316,24.7,1
8.3,8.6,308,22.5,0
8.9,11.3,243,17.6,0
8.8,10.7,254,14.7,0
8.3,10.1,269,11.9,0
8.7,10.6,250,9.7,0
8.2,10.1,302,12.2,0
8.3,10.2,318,17.5,0
8.6,10.9,456,16.2,0
9.1,12.3,909,18.5,0
8.5,12.3,952,22.2,0
8.1,12.4,816,27.3,0
8.1,9.1,387,23.2,0
8.3,9.2,261,21.1,0
8.4,8.8,270,18.6,0
8.8,8.6,277,15.9,0
8.7,8.9,297,10.8,0
8.6,9.5,428,10.5,0
8.9,9.6,447,13.8,0
8.6,9.2,447,10.5,0
8.6,10.5,278,14.6,0
8.6,9.8,310,20.5,0
8.5,10.3,425,19.9,0
7.7,10.4,548,23.8,0
8.4,9.4,594,24.8,0
8.6,9.4,663,24.2,0
8.5,9.3,465,28,0
8.4,9.6,731,30,0
8.1,9.3,731,27.4,0
8.5,9.4,862,25,0
8.7,9.5,667,24.1,0
8.9,8.9,652,24.4,0
7.5,9.3,616,24,1
8.8,9.4,598,22.1,0
8.8,10.4,414,17.3,0
8.8,10.4,481,13.7,0
8.7,11.2,481,10.4,0
8,10.4,309,6.4,0
8.3,10.5,309,12.2,0
8.1,9.1,301,16.8,0
8.2,10.5,292,16.4,0
8.4,8.5,320,16.3,0
8.3,10.1,276,15.5,0
8.6,8.3,268,14.9,0
7.9,9.3,330,16.5,1
8.3,8.5,374,14.9,0
8.2,6.5,707,17.5,0
8.2,9.1,693,19.1,0
7.9,8.4,681,18.8,1
8.1,8.4,594,18.8,0
7.8,8.9,619,21.8,1
8.5,9.8,627,23.7,0
7.7,8.7,380,27.8,1
7.6,8.3,323,23.2,1
7.6,8.5,292,24.3,1
8.7,8.5,275,23.7,0
8.3,9.3,249,23,0
7.9,9.3,268,24.5,1
7.9,8.4,486,25.2,1
8.1,8.6,533,25.1,0
9,7.6,705,27,0
8.5,8.2,343,20.7,0
8.4,7.4,541,18,0
8.3,7.4,585,16.2,0
9,8.4,334,10.2,0
8.7,8.1,658,9.4,0
8.7,7.3,432,10,0
8.8,7.2,211,13.7,0
7.8,8.3,249,15.7,1
8.9,7.9,614,15.5,0
7.8,9.4,500,15.3,1
7.9,10.1,420,15.2,0
7.9,9.7,308,16.1,1
8,9.9,288,21.3,1
8.7,9.6,279,20.6,0
8.8,8.9,337,25.8,0
8.8,8.9,323,23.5,0
8.3,8.8,349,24.4,0
7.7,10.6,183,24.4,0
7.6,10.5,396,24.2,0
7.5,9.1,99,22.9,1
8.1,8.9,127,24,0
7.6,9.1,535,21.6,1
8.7,8.2,590,21.6,0
8,9.2,589,20.2,1
8,9.1,599,20.8,1
7.9,9.1,622,20.6,1
8.4,8.7,704,15.8,0
8.5,8.4,635,15.8,0
8.1,8.1,413,16.2,0
8,8.5,410,16.8,1
8.3,8.1,314,10.2,0
7.8,8.1,296,9.9,1
7.8,7.9,317,13.7,1
7.7,8.5,253,13,1
8.3,8.9,327,13.8,0
7.8,9.4,274,14.2,1
8.3,8.9,690,14.3,0
7.9,9,607,16.2,1
7.8,9.1,154,16.2,1
7.9,9.3,168,16.2,1
7.7,8.2,192,19.5,1
7.8,8.9,428,20.5,1
7.7,9.9,407,22.1,1
7.7,9.1,455,24.2,1
7.9,9.1,421,24.2,1
7.7,9.1,440,19.5,1
7.8,9.1,491,20.1,1
7.8,9.4,569,20.2,1
8.3,9.3,679,18.8,0
8,9.5,641,20.1,1
7.6,9.7,601,20.3,1
7.9,9.7,109,19.5,1
7.6,9.6,712,22.9,1
7.8,9.5,656,25.8,1
7.7,9.4,636,23.3,1
7.7,9.7,741,23.3,1
8.1,9.4,417,24.3,0
8.6,9.9,267,23.9,0
8.6,9.6,251,21.4,0
8.5,9.4,231,23.1,0
8.7,9.4,214,25.4,0
8.7,9.2,237,23.8,0
7.9,9.2,267,20.4,1
7.8,9.3,256,21.6,1
8.6,6.1,539,17.3,0
8,10.6,512,19,0
8.3,10.3,546,19.1,0
8.3,6.4,537,17,0
8.3,9.2,602,9.2,0
8.4,9.1,369,13.6,0
8.2,7.6,257,13.1,0
8.4,8.7,232,12.6,0
8.5,6.5,240,12.6,0
8.5,8.1,257,13.4,0
8.1,7.4,264,13.4,0
7.4,8.1,370,13.1,1
7.7,8.3,439,13.1,1
9.3,9.3,438,16.1,0
8.4,8.8,313,15.5,0
7.7,8.7,276,14,1
8.2,9.3,298,14.2,0
8.2,9.3,82,14.9,0
7.7,9.3,222,16.9,1
7.7,9.1,105,17,1
8.2,9.1,208,17.5,0
7.5,9.9,372,17.7,1
7.5,9.9,213,16.7,1
8.5,9.6,124,15.8,0
8.3,10.1,149,16.4,0
8.5,10.1,448,18.9,0
7.6,10.3,582,24,0
8.2,10.3,434,23.3,0
8.7,9.7,573,23.7,0
8.5,10.1,652,25.3,0
8.6,8.4,800,23.9,0
8.3,7.9,723,23.4,0
9.2,9.9,187,22.7,0
8.9,9.4,484,21.9,0
7.9,9.1,579,22.2,1
8.2,9.2,659,23.1,0
8.8,9.2,682,21.1,0
8.8,8.9,183,19.3,0
8.5,9.1,189,19.3,0
8.7,9.1,166,19.4,0
8.2,9.4,130,12.1,0
8.7,10.2,150,13.9,0
8.5,9.1,175,15.5,0
8.5,9.9,176,15.5,0
8.8,10.3,140,15.4,0
8.1,9.3,157,14.1,0
8.1,10.1,160,17.3,0
8.3,8.6,156,15.7,0
8.3,9.2,181,17.4,0
8.3,9.3,205,19,0
8.5,9.9,177,16.2,0
8.5,8.5,182,16.1,0
8.6,9.4,164,16.4,0
9.2,8.9,147,17.1,0
9.3,8.9,137,20.1,0
8.5,8.7,152,19.5,0
8.3,9.4,148,19.4,0
8,9.9,159,22.5,1
8.8,9.9,151,22.2,0
9,8.5,121,22.1,0
9.8,9.3,163,23.9,0
9.4,8.7,159,23.9,0
8.6,8.8,146,23.8,0
8.8,8.9,150,23.9,0
8.8,9.1,160,23.9,0
8.8,9.6,164,21.7,0
8.8,10.1,201,19.5,0
8.7,8.8,276,20.9,0
9,8.7,267,21.1,0
8.6,8.7,256,20.1,0
8,8.7,166,17,1
8.7,8.3,167,12.1,0
9,8.3,148,13.2,0
8.5,8.8,152,13.5,0
9.4,9.6,146,13.8,0
8.3,10.1,552,13.3,0
9.1,8.5,611,14.9,0
10.3,6,537,21.4,0
9.7,8.6,600,21.2,0
9.4,10.6,576,21.5,0
8.6,9.6,692,20.7,0
8.2,11.8,869,23.6,0
8.2,6.8,740,23.7,0
8.9,7.6,551,21.9,0
8.7,7.6,556,20.8,0
8.9,9.2,791,23.9,0
8.7,9.3,755,22.6,0
8.7,10.1,679,23.6,0
9.6,7.5,680,24.9,0
8.8,7.3,640,26.1,0
8.6,7.3,623,23.1,0
8.5,7.9,561,20.4,0
8.6,7.2,543,21.9,0
8.6,7,542,21.9,0
8,8.6,500,22.4,1
8.4,10,507,20.6,0
8.7,9.7,528,19.7,0
8.9,8.4,1009,17,0
8.5,8.6,668,17.6,0
8.1,7.3,560,12.8,0
8,8.6,510,9.6,1
7,8.2,527,6.9,1
8.1,6.7,540,11.2,0
7.6,10,467,13.5,1
7.6,8.7,495,13.5,1
7.2,9.9,498,18.1,1
8,10.8,528,18.1,0
7.9,7.4,552,15.6,1
7.9,8.8,561,17.9,1
7.17,9.3,563,17.2,1
8.27,5.5,539,17.1,0
7.75,3.7,528,20.5,0
7.72,12.1,553,20.7,0
8.5,9.3,172,19.8,0
8.1,10,174,20.4,0
6.1,6.8,185,20.1,0
7.6,13.5,119,21.5,0
7.3,7.1,113,21.8,1
7.2,6,113,20.7,1
7.5,6.6,117,24.9,1
7.7,14.5,132,24.7,0
7.4,7.4,139,24.1,1
7.2,6.6,148,22.8,1
8,5.7,154,23.1,1
7.8,7.9,152,25.7,1
8,10.2,139,25.8,0
8,6,125,22.9,1
8,4.3,134,21.4,0
8.4,17,122,20.7,0
8.2,8.2,120,19.4,0
8.2,3,123,17.6,0
8.8,8.2,121,19.1,0
8.2,11.2,129,18.2,0
7.8,11,133,15.5,0
8.9,8.6,143,15.4,0
9,17.5,136,13.8,0
8.5,11.1,106,8.2,0
8.5,6.7,132,9.8,0
8.3,11.5,134,13.5,0
8.2,11.4,125,16.7,0
8.2,11.5,140,16.5,0
8.3,11.2,149,17.9,0
8.9,10.8,157,18.8,0
8,11,164,18.7,0
8.1,8.5,169,17.3,0
8.1,9.6,176,20.3,0
7.8,10.2,166,18.3,0
8.2,14,148,18.3,0
8,17,141,18.3,0
7.7,10.8,136,19.3,0
8.7,12,136,20.2,0
8.4,11.3,132,20.1,0
7.8,11.5,171,20.3,0
8,13.5,175,21.4,0
8.9,7.4,184,22.4,0
8.9,7.8,128,23.1,0
8.2,7.5,114,23.1,0
9,7.3,122,22.7,0
8.3,6.3,116,22.8,0
7.2,9.5,140,22.3,1
8,11,140,21.1,0
8,10.9,146,23.2,0
8.4,10.8,155,23.2,0
8.2,10.1,151,21.4,0
7.9,7.7,143,21.3,1
8.4,8.9,143,20,0
8.4,6.3,141,20.1,0
8.4,6.8,138,19.3,0
8.4,6.3,132,19.5,0
8.4,8.1,137,14.4,0
8.3,8,122,12.5,0
8.2,9,129,10.9,0
8.3,9.6,133,14.1,0
8.3,11.9,144,15.6,0
8.3,9.5,140,17.1,0
8.2,7,109,17.1,0
8.2,7.9,141,17.9,0
8.3,6.7,136,16.8,0
8.3,7.5,128,17.2,0
8.2,8.6,143,16.2,0
8.1,8.2,149,15.6,0
7.5,10.4,156,18.2,0
8.2,9.6,165,20.5,0
8.2,8.6,183,21,0
7.8,11,187,21.1,0
8.2,11.6,198,21.9,0
8,13.3,168,22.4,0
8,10.6,148,21.6,0
8.2,8.6,139,21.2,0
8.3,9.1,139,21.2,0
8.1,8.2,139,22.8,0
8.1,9.7,1826,23.1,0
8.1,9.9,1891,20.7,0
7.8,9.1,1356,21.6,1
8.2,12.5,884,20.9,0
8.2,13.3,1097,19.8,0
8.2,10.2,889,20.7,0
8.1,9,1059,19.9,0
8,10.6,1391,20,0
7.8,7.9,641,12.9,1
7.4,8.3,528,9.8,1
7.9,7.5,465,11.4,1
7.4,7.1,991,14.9,1
7.6,10.2,568,14.8,0
7.3,10.4,1060,18.3,0
7,12.4,711,18.3,0
7.6,10.9,899,18.4,0
7.8,11.2,965,18.5,0
7.4,10.1,728,20.1,0
7.6,9.4,862,20.1,1
7.7,6.9,721,25,1
7.7,9.1,605,22.6,1
7.4,7.3,485,22.6,1
7.9,8.4,511,23.3,1
